game_index,pair_index,seed,grid_size,superko_mode,black_slot,white_slot,black_agent,white_agent,winner,truncated,plies,duration_seconds,black_area,white_area
0,0,20260825,5,enforce,A,B,alphazero-topology_gnn-7180ca466e1f,random,BLACK,False,3,0.33960280008614063,3,0
1,0,20260825,5,enforce,B,A,random,alphazero-topology_gnn-7180ca466e1f,WHITE,False,9,0.44853880000300705,3,9
2,1,20260826,5,enforce,A,B,alphazero-topology_gnn-7180ca466e1f,random,BLACK,False,7,0.38850759994238615,9,5
3,1,20260826,5,enforce,B,A,random,alphazero-topology_gnn-7180ca466e1f,WHITE,False,6,0.31399759999476373,0,5
4,2,20260827,5,enforce,A,B,alphazero-topology_gnn-7180ca466e1f,random,BLACK,False,11,0.6773085000459105,6,3
5,2,20260827,5,enforce,B,A,random,alphazero-topology_gnn-7180ca466e1f,DRAW,False,2,0.08544870000332594,0,0
6,3,20260828,5,enforce,A,B,alphazero-topology_gnn-7180ca466e1f,random,BLACK,False,5,0.2892297999933362,5,0
7,3,20260828,5,enforce,B,A,random,alphazero-topology_gnn-7180ca466e1f,WHITE,False,6,0.2490313001908362,4,6
8,4,20260829,5,enforce,A,B,alphazero-topology_gnn-7180ca466e1f,random,BLACK,False,5,0.2907912000082433,5,0
9,4,20260829,5,enforce,B,A,random,alphazero-topology_gnn-7180ca466e1f,WHITE,False,8,0.5623729999642819,0,10
10,5,20260830,5,enforce,A,B,alphazero-topology_gnn-7180ca466e1f,random,BLACK,False,3,0.1499443999491632,3,0
11,5,20260830,5,enforce,B,A,random,alphazero-topology_gnn-7180ca466e1f,WHITE,False,8,0.49180549988523126,0,10
12,6,20260831,5,enforce,A,B,alphazero-topology_gnn-7180ca466e1f,random,BLACK,False,3,0.16489079990424216,3,0
13,6,20260831,5,enforce,B,A,random,alphazero-topology_gnn-7180ca466e1f,WHITE,False,9,0.5905943000689149,3,9
14,7,20260832,5,enforce,A,B,alphazero-topology_gnn-7180ca466e1f,random,BLACK,False,9,0.5777040999382734,7,3
15,7,20260832,5,enforce,B,A,random,alphazero-topology_gnn-7180ca466e1f,WHITE,False,6,0.27858739998191595,0,5
16,8,20260833,5,enforce,A,B,alphazero-topology_gnn-7180ca466e1f,random,BLACK,False,9,0.581864699954167,8,5
17,8,20260833,5,enforce,B,A,random,alphazero-topology_gnn-7180ca466e1f,DRAW,False,2,0.042675099801272154,0,0
18,9,20260834,5,enforce,A,B,alphazero-topology_gnn-7180ca466e1f,random,BLACK,False,3,0.1315003999043256,3,0
19,9,20260834,5,enforce,B,A,random,alphazero-topology_gnn-7180ca466e1f,WHITE,False,9,0.642689400119707,3,9
20,10,20260835,5,enforce,A,B,alphazero-topology_gnn-7180ca466e1f,random,BLACK,False,9,0.5203595999628305,9,3
21,10,20260835,5,enforce,B,A,random,alphazero-topology_gnn-7180ca466e1f,WHITE,False,8,0.4226420000195503,0,10
22,11,20260836,5,enforce,A,B,alphazero-topology_gnn-7180ca466e1f,random,WHITE,False,12,0.6412720999214798,4,10
23,11,20260836,5,enforce,B,A,random,alphazero-topology_gnn-7180ca466e1f,DRAW,False,2,0.046419400023296475,0,0
24,12,20260837,5,enforce,A,B,alphazero-topology_gnn-7180ca466e1f,random,BLACK,False,5,0.26798009988851845,5,0
25,12,20260837,5,enforce,B,A,random,alphazero-topology_gnn-7180ca466e1f,WHITE,False,4,0.17802789993584156,0,3
26,13,20260838,5,enforce,A,B,alphazero-topology_gnn-7180ca466e1f,random,BLACK,False,10,0.5371622000820935,9,5
27,13,20260838,5,enforce,B,A,random,alphazero-topology_gnn-7180ca466e1f,DRAW,False,2,0.042635299963876605,0,0
28,14,20260839,5,enforce,A,B,alphazero-topology_gnn-7180ca466e1f,random,BLACK,False,3,0.15939359995536506,3,0
29,14,20260839,5,enforce,B,A,random,alphazero-topology_gnn-7180ca466e1f,WHITE,False,6,0.25809599994681776,0,5
30,15,20260840,5,enforce,A,B,alphazero-topology_gnn-7180ca466e1f,random,WHITE,False,13,0.6332344000693411,5,7
31,15,20260840,5,enforce,B,A,random,alphazero-topology_gnn-7180ca466e1f,WHITE,False,7,0.26593329990282655,0,5
32,16,20260841,5,enforce,A,B,alphazero-topology_gnn-7180ca466e1f,random,BLACK,False,9,0.5237461999058723,8,6
33,16,20260841,5,enforce,B,A,random,alphazero-topology_gnn-7180ca466e1f,WHITE,False,4,0.1707622001413256,0,3
34,17,20260842,5,enforce,A,B,alphazero-topology_gnn-7180ca466e1f,random,BLACK,False,7,0.5795066000428051,7,0
35,17,20260842,5,enforce,B,A,random,alphazero-topology_gnn-7180ca466e1f,WHITE,False,6,0.36674059997312725,0,5
36,18,20260843,5,enforce,A,B,alphazero-topology_gnn-7180ca466e1f,random,BLACK,False,5,0.38117869989946485,5,0
37,18,20260843,5,enforce,B,A,random,alphazero-topology_gnn-7180ca466e1f,WHITE,False,6,0.37787969992496073,0,5
38,19,20260844,5,enforce,A,B,alphazero-topology_gnn-7180ca466e1f,random,BLACK,False,7,0.5881875001359731,7,0
39,19,20260844,5,enforce,B,A,random,alphazero-topology_gnn-7180ca466e1f,WHITE,False,9,0.5835468000732362,3,9
40,20,20260845,5,enforce,A,B,alphazero-topology_gnn-7180ca466e1f,random,BLACK,False,3,0.17343379999510944,3,0
41,20,20260845,5,enforce,B,A,random,alphazero-topology_gnn-7180ca466e1f,WHITE,False,6,0.32992779999040067,0,5
42,21,20260846,5,enforce,A,B,alphazero-topology_gnn-7180ca466e1f,random,BLACK,False,7,0.5213322001509368,6,4
43,21,20260846,5,enforce,B,A,random,alphazero-topology_gnn-7180ca466e1f,WHITE,False,6,0.2736326998565346,0,4
44,22,20260847,5,enforce,A,B,alphazero-topology_gnn-7180ca466e1f,random,BLACK,False,7,0.5173734000418335,9,5
45,22,20260847,5,enforce,B,A,random,alphazero-topology_gnn-7180ca466e1f,WHITE,False,6,0.36122469999827445,0,5
46,23,20260848,5,enforce,A,B,alphazero-topology_gnn-7180ca466e1f,random,BLACK,False,7,0.5459565999917686,7,0
47,23,20260848,5,enforce,B,A,random,alphazero-topology_gnn-7180ca466e1f,WHITE,False,6,0.368274699896574,0,5
48,24,20260849,5,enforce,A,B,alphazero-topology_gnn-7180ca466e1f,random,BLACK,False,5,0.3616222001146525,5,0
49,24,20260849,5,enforce,B,A,random,alphazero-topology_gnn-7180ca466e1f,WHITE,False,6,0.335040400037542,3,5
50,25,20260850,5,enforce,A,B,alphazero-topology_gnn-7180ca466e1f,random,BLACK,False,5,0.2809566999785602,5,0
51,25,20260850,5,enforce,B,A,random,alphazero-topology_gnn-7180ca466e1f,BLACK,False,11,0.5035828999243677,7,5
52,26,20260851,5,enforce,A,B,alphazero-topology_gnn-7180ca466e1f,random,BLACK,False,5,0.27451390004716814,5,0
53,26,20260851,5,enforce,B,A,random,alphazero-topology_gnn-7180ca466e1f,WHITE,False,9,0.4665129000786692,3,9
54,27,20260852,5,enforce,A,B,alphazero-topology_gnn-7180ca466e1f,random,BLACK,False,10,0.5243254001252353,6,3
55,27,20260852,5,enforce,B,A,random,alphazero-topology_gnn-7180ca466e1f,WHITE,False,10,0.47276580007746816,5,6
56,28,20260853,5,enforce,A,B,alphazero-topology_gnn-7180ca466e1f,random,BLACK,False,9,0.5305008001159877,8,5
57,28,20260853,5,enforce,B,A,random,alphazero-topology_gnn-7180ca466e1f,WHITE,False,9,0.45735789998434484,6,7
58,29,20260854,5,enforce,A,B,alphazero-topology_gnn-7180ca466e1f,random,BLACK,False,9,0.5264534999150783,6,3
59,29,20260854,5,enforce,B,A,random,alphazero-topology_gnn-7180ca466e1f,WHITE,False,9,0.6092709999065846,3,9
60,30,20260855,5,enforce,A,B,alphazero-topology_gnn-7180ca466e1f,random,BLACK,False,5,0.2956185999792069,5,0
61,30,20260855,5,enforce,B,A,random,alphazero-topology_gnn-7180ca466e1f,DRAW,False,2,0.04346610000357032,0,0
62,31,20260856,5,enforce,A,B,alphazero-topology_gnn-7180ca466e1f,random,BLACK,False,5,0.26030570012517273,5,0
63,31,20260856,5,enforce,B,A,random,alphazero-topology_gnn-7180ca466e1f,WHITE,False,8,0.42991379997693,0,10
64,32,20260857,5,enforce,A,B,alphazero-topology_gnn-7180ca466e1f,random,BLACK,False,3,0.1468289999756962,3,0
65,32,20260857,5,enforce,B,A,random,alphazero-topology_gnn-7180ca466e1f,WHITE,False,7,0.2865252001211047,6,7
66,33,20260858,5,enforce,A,B,alphazero-topology_gnn-7180ca466e1f,random,BLACK,False,7,0.4292134998831898,7,0
67,33,20260858,5,enforce,B,A,random,alphazero-topology_gnn-7180ca466e1f,DRAW,False,4,0.21436610003001988,3,3
68,34,20260859,5,enforce,A,B,alphazero-topology_gnn-7180ca466e1f,random,BLACK,False,9,0.492138700094074,7,5
69,34,20260859,5,enforce,B,A,random,alphazero-topology_gnn-7180ca466e1f,DRAW,False,2,0.03941319999285042,0,0
70,35,20260860,5,enforce,A,B,alphazero-topology_gnn-7180ca466e1f,random,BLACK,False,7,0.4095691000111401,4,3
71,35,20260860,5,enforce,B,A,random,alphazero-topology_gnn-7180ca466e1f,WHITE,False,6,0.3136041001416743,0,4
72,36,20260861,5,enforce,A,B,alphazero-topology_gnn-7180ca466e1f,random,BLACK,False,3,0.16559420013800263,3,0
73,36,20260861,5,enforce,B,A,random,alphazero-topology_gnn-7180ca466e1f,DRAW,False,2,0.04241290013305843,0,0
74,37,20260862,5,enforce,A,B,alphazero-topology_gnn-7180ca466e1f,random,BLACK,False,9,0.4594570000190288,8,6
75,37,20260862,5,enforce,B,A,random,alphazero-topology_gnn-7180ca466e1f,DRAW,False,6,0.31699900003150105,4,4
76,38,20260863,5,enforce,A,B,alphazero-topology_gnn-7180ca466e1f,random,BLACK,False,3,0.14138339995406568,3,0
77,38,20260863,5,enforce,B,A,random,alphazero-topology_gnn-7180ca466e1f,WHITE,False,9,0.4653904000297189,3,9
78,39,20260864,5,enforce,A,B,alphazero-topology_gnn-7180ca466e1f,random,BLACK,False,3,0.14413680019788444,3,0
79,39,20260864,5,enforce,B,A,random,alphazero-topology_gnn-7180ca466e1f,WHITE,False,6,0.3274037998635322,0,5
80,40,20260865,5,enforce,A,B,alphazero-topology_gnn-7180ca466e1f,random,BLACK,False,11,0.5969281999859959,6,3
81,40,20260865,5,enforce,B,A,random,alphazero-topology_gnn-7180ca466e1f,DRAW,False,2,0.05324720009230077,0,0
82,41,20260866,5,enforce,A,B,alphazero-topology_gnn-7180ca466e1f,random,BLACK,False,5,0.287076200125739,5,0
83,41,20260866,5,enforce,B,A,random,alphazero-topology_gnn-7180ca466e1f,WHITE,False,8,0.4137695000972599,4,7
84,42,20260867,5,enforce,A,B,alphazero-topology_gnn-7180ca466e1f,random,BLACK,False,11,0.5745208999142051,6,3
85,42,20260867,5,enforce,B,A,random,alphazero-topology_gnn-7180ca466e1f,WHITE,False,8,0.3572697998024523,4,6
86,43,20260868,5,enforce,A,B,alphazero-topology_gnn-7180ca466e1f,random,WHITE,False,12,0.5982055000495166,4,10
87,43,20260868,5,enforce,B,A,random,alphazero-topology_gnn-7180ca466e1f,WHITE,False,4,0.14549300004728138,0,3
88,44,20260869,5,enforce,A,B,alphazero-topology_gnn-7180ca466e1f,random,BLACK,False,7,0.4383785999380052,7,4
89,44,20260869,5,enforce,B,A,random,alphazero-topology_gnn-7180ca466e1f,DRAW,False,2,0.05209889984689653,0,0
90,45,20260870,5,enforce,A,B,alphazero-topology_gnn-7180ca466e1f,random,BLACK,False,5,0.29724349989555776,5,0
91,45,20260870,5,enforce,B,A,random,alphazero-topology_gnn-7180ca466e1f,WHITE,False,8,0.36122959991917014,5,7
92,46,20260871,5,enforce,A,B,alphazero-topology_gnn-7180ca466e1f,random,BLACK,False,9,0.5692485000472516,8,6
93,46,20260871,5,enforce,B,A,random,alphazero-topology_gnn-7180ca466e1f,WHITE,False,9,0.5327634001150727,6,8
94,47,20260872,5,enforce,A,B,alphazero-topology_gnn-7180ca466e1f,random,BLACK,False,9,0.5647428999654949,7,3
95,47,20260872,5,enforce,B,A,random,alphazero-topology_gnn-7180ca466e1f,DRAW,False,2,0.042055799858644605,0,0
96,48,20260873,5,enforce,A,B,alphazero-topology_gnn-7180ca466e1f,random,BLACK,False,5,0.27831600001081824,5,0
97,48,20260873,5,enforce,B,A,random,alphazero-topology_gnn-7180ca466e1f,BLACK,False,10,0.4889907001052052,7,6
98,49,20260874,5,enforce,A,B,alphazero-topology_gnn-7180ca466e1f,random,BLACK,False,5,0.2875759000889957,5,0
99,49,20260874,5,enforce,B,A,random,alphazero-topology_gnn-7180ca466e1f,WHITE,False,6,0.3086747000925243,3,5
100,50,20260875,5,enforce,A,B,alphazero-topology_gnn-7180ca466e1f,random,BLACK,False,3,0.11843379982747138,3,0
101,50,20260875,5,enforce,B,A,random,alphazero-topology_gnn-7180ca466e1f,WHITE,False,6,0.28475699992850423,0,5
102,51,20260876,5,enforce,A,B,alphazero-topology_gnn-7180ca466e1f,random,BLACK,False,9,0.5272273998707533,8,5
103,51,20260876,5,enforce,B,A,random,alphazero-topology_gnn-7180ca466e1f,DRAW,False,2,0.05326370010152459,0,0
104,52,20260877,5,enforce,A,B,alphazero-topology_gnn-7180ca466e1f,random,BLACK,False,5,0.29250239999964833,5,0
105,52,20260877,5,enforce,B,A,random,alphazero-topology_gnn-7180ca466e1f,BLACK,False,10,0.5005105000454932,7,4
106,53,20260878,5,enforce,A,B,alphazero-topology_gnn-7180ca466e1f,random,BLACK,False,7,0.39356149989180267,7,0
107,53,20260878,5,enforce,B,A,random,alphazero-topology_gnn-7180ca466e1f,DRAW,False,4,0.18902930011972785,3,3
108,54,20260879,5,enforce,A,B,alphazero-topology_gnn-7180ca466e1f,random,BLACK,False,10,0.523554100189358,6,3
109,54,20260879,5,enforce,B,A,random,alphazero-topology_gnn-7180ca466e1f,WHITE,False,8,0.40639039990492165,3,7
110,55,20260880,5,enforce,A,B,alphazero-topology_gnn-7180ca466e1f,random,BLACK,False,7,0.37735119997523725,7,0
111,55,20260880,5,enforce,B,A,random,alphazero-topology_gnn-7180ca466e1f,WHITE,False,6,0.2722227999474853,4,6
112,56,20260881,5,enforce,A,B,alphazero-topology_gnn-7180ca466e1f,random,BLACK,False,3,0.1294519999064505,3,0
113,56,20260881,5,enforce,B,A,random,alphazero-topology_gnn-7180ca466e1f,DRAW,False,2,0.04165109992027283,0,0
114,57,20260882,5,enforce,A,B,alphazero-topology_gnn-7180ca466e1f,random,BLACK,False,9,0.564546599984169,7,5
115,57,20260882,5,enforce,B,A,random,alphazero-topology_gnn-7180ca466e1f,WHITE,False,4,0.14978659991174936,0,3
116,58,20260883,5,enforce,A,B,alphazero-topology_gnn-7180ca466e1f,random,BLACK,False,11,0.7332731001079082,8,6
117,58,20260883,5,enforce,B,A,random,alphazero-topology_gnn-7180ca466e1f,WHITE,False,9,0.5852838000282645,3,9
118,59,20260884,5,enforce,A,B,alphazero-topology_gnn-7180ca466e1f,random,BLACK,False,3,0.1472020000219345,3,0
119,59,20260884,5,enforce,B,A,random,alphazero-topology_gnn-7180ca466e1f,WHITE,False,6,0.2692003999836743,0,5
120,60,20260885,5,enforce,A,B,alphazero-topology_gnn-7180ca466e1f,random,BLACK,False,5,0.2561183001380414,5,0
121,60,20260885,5,enforce,B,A,random,alphazero-topology_gnn-7180ca466e1f,WHITE,False,10,0.49419029988348484,5,9
122,61,20260886,5,enforce,A,B,alphazero-topology_gnn-7180ca466e1f,random,BLACK,False,9,0.4718871000222862,7,5
123,61,20260886,5,enforce,B,A,random,alphazero-topology_gnn-7180ca466e1f,DRAW,False,2,0.03706520004197955,0,0
124,62,20260887,5,enforce,A,B,alphazero-topology_gnn-7180ca466e1f,random,BLACK,False,10,0.5856969999149442,6,3
125,62,20260887,5,enforce,B,A,random,alphazero-topology_gnn-7180ca466e1f,DRAW,False,2,0.05034009995870292,0,0
126,63,20260888,5,enforce,A,B,alphazero-topology_gnn-7180ca466e1f,random,BLACK,False,5,0.28884649998508394,5,0
127,63,20260888,5,enforce,B,A,random,alphazero-topology_gnn-7180ca466e1f,DRAW,False,4,0.20748779992572963,3,3
128,64,20260889,5,enforce,A,B,alphazero-topology_gnn-7180ca466e1f,random,BLACK,False,9,0.5010089999996126,7,5
129,64,20260889,5,enforce,B,A,random,alphazero-topology_gnn-7180ca466e1f,WHITE,False,8,0.4086684000212699,3,7
130,65,20260890,5,enforce,A,B,alphazero-topology_gnn-7180ca466e1f,random,BLACK,False,5,0.2681336998939514,5,0
131,65,20260890,5,enforce,B,A,random,alphazero-topology_gnn-7180ca466e1f,WHITE,False,8,0.41792059992440045,0,10
132,66,20260891,5,enforce,A,B,alphazero-topology_gnn-7180ca466e1f,random,BLACK,False,9,0.47648110007867217,8,4
133,66,20260891,5,enforce,B,A,random,alphazero-topology_gnn-7180ca466e1f,DRAW,False,2,0.04007519991137087,0,0
134,67,20260892,5,enforce,A,B,alphazero-topology_gnn-7180ca466e1f,random,BLACK,False,7,0.41337980004027486,7,0
135,67,20260892,5,enforce,B,A,random,alphazero-topology_gnn-7180ca466e1f,WHITE,False,8,0.4335578999016434,0,10
136,68,20260893,5,enforce,A,B,alphazero-topology_gnn-7180ca466e1f,random,BLACK,False,9,0.4514810999389738,7,5
137,68,20260893,5,enforce,B,A,random,alphazero-topology_gnn-7180ca466e1f,WHITE,False,7,0.30471729999408126,0,5
138,69,20260894,5,enforce,A,B,alphazero-topology_gnn-7180ca466e1f,random,BLACK,False,10,0.5500736001413316,8,5
139,69,20260894,5,enforce,B,A,random,alphazero-topology_gnn-7180ca466e1f,WHITE,False,6,0.2715364000760019,0,5
140,70,20260895,5,enforce,A,B,alphazero-topology_gnn-7180ca466e1f,random,BLACK,False,5,0.25539870001375675,5,0
141,70,20260895,5,enforce,B,A,random,alphazero-topology_gnn-7180ca466e1f,BLACK,False,12,0.578086500056088,7,6
142,71,20260896,5,enforce,A,B,alphazero-topology_gnn-7180ca466e1f,random,BLACK,False,5,0.26467390009202063,5,0
143,71,20260896,5,enforce,B,A,random,alphazero-topology_gnn-7180ca466e1f,WHITE,False,11,0.5504999998956919,5,9
144,72,20260897,5,enforce,A,B,alphazero-topology_gnn-7180ca466e1f,random,BLACK,False,5,0.28658369998447597,5,0
145,72,20260897,5,enforce,B,A,random,alphazero-topology_gnn-7180ca466e1f,WHITE,False,6,0.27904759999364614,0,5
146,73,20260898,5,enforce,A,B,alphazero-topology_gnn-7180ca466e1f,random,BLACK,False,9,0.5429849000647664,7,3
147,73,20260898,5,enforce,B,A,random,alphazero-topology_gnn-7180ca466e1f,WHITE,False,6,0.28961229999549687,0,5
148,74,20260899,5,enforce,A,B,alphazero-topology_gnn-7180ca466e1f,random,BLACK,False,9,0.5399535000324249,8,6
149,74,20260899,5,enforce,B,A,random,alphazero-topology_gnn-7180ca466e1f,WHITE,False,9,0.43274020007811487,4,7
150,75,20260900,5,enforce,A,B,alphazero-topology_gnn-7180ca466e1f,random,BLACK,False,5,0.2602812999393791,5,0
151,75,20260900,5,enforce,B,A,random,alphazero-topology_gnn-7180ca466e1f,DRAW,False,2,0.049843600019812584,0,0
152,76,20260901,5,enforce,A,B,alphazero-topology_gnn-7180ca466e1f,random,BLACK,False,5,0.32511800015345216,5,0
153,76,20260901,5,enforce,B,A,random,alphazero-topology_gnn-7180ca466e1f,WHITE,False,9,0.5392076000571251,3,9
154,77,20260902,5,enforce,A,B,alphazero-topology_gnn-7180ca466e1f,random,BLACK,False,3,0.12634239997714758,3,0
155,77,20260902,5,enforce,B,A,random,alphazero-topology_gnn-7180ca466e1f,DRAW,False,2,0.051009099930524826,0,0
156,78,20260903,5,enforce,A,B,alphazero-topology_gnn-7180ca466e1f,random,BLACK,False,9,0.518497799988836,7,3
157,78,20260903,5,enforce,B,A,random,alphazero-topology_gnn-7180ca466e1f,WHITE,False,10,0.4914710000157356,4,8
158,79,20260904,5,enforce,A,B,alphazero-topology_gnn-7180ca466e1f,random,BLACK,False,3,0.16222249995917082,3,0
159,79,20260904,5,enforce,B,A,random,alphazero-topology_gnn-7180ca466e1f,WHITE,False,6,0.27359799994155765,0,5
160,80,20260905,5,enforce,A,B,alphazero-topology_gnn-7180ca466e1f,random,BLACK,False,10,0.4894773999694735,6,3
161,80,20260905,5,enforce,B,A,random,alphazero-topology_gnn-7180ca466e1f,WHITE,False,9,0.446858299896121,6,7
162,81,20260906,5,enforce,A,B,alphazero-topology_gnn-7180ca466e1f,random,BLACK,False,5,0.2840700000524521,5,0
163,81,20260906,5,enforce,B,A,random,alphazero-topology_gnn-7180ca466e1f,WHITE,False,7,0.32782469992525876,0,5
164,82,20260907,5,enforce,A,B,alphazero-topology_gnn-7180ca466e1f,random,BLACK,False,3,0.15591530012898147,3,0
165,82,20260907,5,enforce,B,A,random,alphazero-topology_gnn-7180ca466e1f,WHITE,False,9,0.4807835000101477,5,8
166,83,20260908,5,enforce,A,B,alphazero-topology_gnn-7180ca466e1f,random,BLACK,False,7,0.37342180009000003,7,0
167,83,20260908,5,enforce,B,A,random,alphazero-topology_gnn-7180ca466e1f,DRAW,False,6,0.3112659999169409,4,4
168,84,20260909,5,enforce,A,B,alphazero-topology_gnn-7180ca466e1f,random,BLACK,False,5,0.2579588000662625,5,0
169,84,20260909,5,enforce,B,A,random,alphazero-topology_gnn-7180ca466e1f,WHITE,False,4,0.13265189994126558,0,3
170,85,20260910,5,enforce,A,B,alphazero-topology_gnn-7180ca466e1f,random,BLACK,False,11,0.5955888000316918,6,3
171,85,20260910,5,enforce,B,A,random,alphazero-topology_gnn-7180ca466e1f,WHITE,False,8,0.4201506001409143,5,6
172,86,20260911,5,enforce,A,B,alphazero-topology_gnn-7180ca466e1f,random,BLACK,False,10,0.6200784998945892,6,3
173,86,20260911,5,enforce,B,A,random,alphazero-topology_gnn-7180ca466e1f,WHITE,False,8,0.43480209982953966,4,7
174,87,20260912,5,enforce,A,B,alphazero-topology_gnn-7180ca466e1f,random,BLACK,False,9,0.5196023997850716,6,3
175,87,20260912,5,enforce,B,A,random,alphazero-topology_gnn-7180ca466e1f,WHITE,False,7,0.37434379989281297,0,5
176,88,20260913,5,enforce,A,B,alphazero-topology_gnn-7180ca466e1f,random,BLACK,False,5,0.28418190008960664,5,0
177,88,20260913,5,enforce,B,A,random,alphazero-topology_gnn-7180ca466e1f,BLACK,False,7,0.37873019999824464,6,5
178,89,20260914,5,enforce,A,B,alphazero-topology_gnn-7180ca466e1f,random,BLACK,False,9,0.526358800008893,6,3
179,89,20260914,5,enforce,B,A,random,alphazero-topology_gnn-7180ca466e1f,WHITE,False,8,0.4338201000355184,3,7
180,90,20260915,5,enforce,A,B,alphazero-topology_gnn-7180ca466e1f,random,DRAW,False,10,0.5670934000518173,4,4
181,90,20260915,5,enforce,B,A,random,alphazero-topology_gnn-7180ca466e1f,WHITE,False,9,0.3860907000489533,5,8
182,91,20260916,5,enforce,A,B,alphazero-topology_gnn-7180ca466e1f,random,BLACK,False,7,0.38581800018437207,9,5
183,91,20260916,5,enforce,B,A,random,alphazero-topology_gnn-7180ca466e1f,WHITE,False,9,0.4662707999814302,5,8
184,92,20260917,5,enforce,A,B,alphazero-topology_gnn-7180ca466e1f,random,BLACK,False,3,0.1347281001508236,3,0
185,92,20260917,5,enforce,B,A,random,alphazero-topology_gnn-7180ca466e1f,WHITE,False,6,0.2765785998199135,0,5
186,93,20260918,5,enforce,A,B,alphazero-topology_gnn-7180ca466e1f,random,BLACK,False,7,0.40502150007523596,7,0
187,93,20260918,5,enforce,B,A,random,alphazero-topology_gnn-7180ca466e1f,WHITE,False,8,0.3508187001571059,5,7
188,94,20260919,5,enforce,A,B,alphazero-topology_gnn-7180ca466e1f,random,BLACK,False,5,0.25977379991672933,5,0
189,94,20260919,5,enforce,B,A,random,alphazero-topology_gnn-7180ca466e1f,DRAW,False,2,0.03981119999662042,0,0
190,95,20260920,5,enforce,A,B,alphazero-topology_gnn-7180ca466e1f,random,BLACK,False,5,0.26594959991052747,5,0
191,95,20260920,5,enforce,B,A,random,alphazero-topology_gnn-7180ca466e1f,DRAW,False,2,0.043737699976190925,0,0
192,96,20260921,5,enforce,A,B,alphazero-topology_gnn-7180ca466e1f,random,BLACK,False,5,0.25271730008535087,5,0
193,96,20260921,5,enforce,B,A,random,alphazero-topology_gnn-7180ca466e1f,WHITE,False,8,0.32807040004990995,4,7
194,97,20260922,5,enforce,A,B,alphazero-topology_gnn-7180ca466e1f,random,BLACK,False,10,0.5285551999695599,6,3
195,97,20260922,5,enforce,B,A,random,alphazero-topology_gnn-7180ca466e1f,DRAW,False,4,0.16868779994547367,3,3
196,98,20260923,5,enforce,A,B,alphazero-topology_gnn-7180ca466e1f,random,BLACK,False,9,0.5682190998923033,8,6
197,98,20260923,5,enforce,B,A,random,alphazero-topology_gnn-7180ca466e1f,WHITE,False,6,0.3127802999224514,4,6
198,99,20260924,5,enforce,A,B,alphazero-topology_gnn-7180ca466e1f,random,BLACK,False,5,0.34992259996943176,5,0
199,99,20260924,5,enforce,B,A,random,alphazero-topology_gnn-7180ca466e1f,WHITE,False,8,0.4126806000713259,5,7
